-- The data in this file is pretty rudimentary --

/* every business_purchase has only one item per acc_payable_id,
and every acc_payable_id only has one business payment that
pays off the accounts_payable record in full (Does not have to be the case!)*/

/*The triggers all work though, and automatically update
the inventory, accounts and accounts_payable */

/*NOTE - DEFAULT PAYMENT DUE DATE IS THE NEXT DAY IF NOT MANUALLY CHANGED 
-this is accomplished through a trigger on the business_purchase relation*/

/*The last entry in the account relation is MyAccount and it has a starting
balance of 5000 */

INSERT INTO customer VALUE(100,'Shaimaa'),
     (200,'Fatma'),
     (300,'Maha'),
     (400,'Reem'),
     (500,'Farida'),
     (600,'Aya'),
     (700,'Shahd'),
     (800,'Ashraqat'),
     (900,'Sahar'),
     (1000,'Fatin'),
     (1100,'Dalal'),
     (1200,'Doha'),
     (1300,'Fajr'),
     (1400,'Suha'),
     (1500,'Rowan'),
     (1600,'Hosniya'),
     (1700,'Hasnaa'),
     (1800,'Hosna'),
     (1900,'Gamila');

INSERT INTO account VALUE('A-1110','Mohamed',10,0),
     ('A-1120','Youssef',20,0),
     ('A-1130','Ahmed',30,0),
     ('A-1140','Mahmoud',40,0),
     ('A-1150','Mustafa',50,0),
     ('A-1160','Yassin',60,0),
     ('A-1170','Taha',70,0),
     ('A-1180','Khaled',80,0),
     ('A-1190','Hamza',90,0),
     ('A-1200','Bilal',100,0),
     ('A-1210','Ibrahim',110,0),
     ('A-1220','Hassan',120,0),
     ('A-1230','Hussein',130,0),
     ('A-1240','Karim',140,0),
     ('A-1250','Tareq',150,0),
     ('A-1260','Abdel-Rahman',160,0),
     ('A-1270','Ali',170,0),
     ('A-1280','Omar',180,0),
     ('A-1290','Halim',190,0),
     ('A-2000','MyAccount',NULL,5000);
     
INSERT INTO vendor VALUE(10,'Mohamed','table','P-1',14.00),
     (20,'Youssef','desk','P-2',16.00),
     (30,'Ahmed','book','P-3',18.00),
     (40,'Mahmoud','pencil','P-4',20.00),
     (50,'Mustafa','iPad','P-5',22.00),
     (60,'Yassin','computer','P-6',24.00),
     (70,'Taha','coat','P-7',26.00),
     (80,'Khaled','boots','P-8',28.00),
     (90,'Hamza','piano','P-9',30.00),
     (100,'Bilal','pen','P-10',12.00),
     (110,'Ibrahim','cat','P-11',13.00),
     (120,'Hassan','orange','P-12',14.00),
     (130,'Hussein','stapler','P-13',15.00),
     (140,'Karim','beans','P-14',16.00),
     (150,'Tareq','corn','P-15',17.00),
     (160,'Abdel-Rahman','rice','P-16',18.00),
     (170,'Ali','yogurt','P-17',19.00),
     (180,'Omar','kite','P-18',20.00),
     (190,'Halim','taco','P-19',21.00);
     
INSERT INTO inventory VALUE('P-1','table',0,19.00),
     ('P-2','desk',0,21.00),
     ('P-3','book',0,23.00),
     ('P-4','pencil',0,25.00),
     ('P-5','iPad',0,27.00),
     ('P-6','computer',0,29.00),
     ('P-7','coat',0,31.00),
     ('P-8','boots',0,33.00),
     ('P-9','piano',0,35.00),
     ('P-10','pen',0,20.00),
     ('P-11','cat',0,21.00),
     ('P-12','orange',0,22.00),
     ('P-13','stapler',0,23.00),
     ('P-14','beans',0,24.00),
     ('P-15','corn',0,25.00),
     ('P-16','rice',0,26.00),
     ('P-17','yogurt',0,27.00),
     ('P-18','kite',0,28.00),
     ('P-19','taco',0,29.00);


     
INSERT INTO business_purchase VALUE(101,20,'2021-01-10 19:38:48',1010,'P-2',49,16.00),
     (102,20,'2021-02-11 19:38:49',1011,'P-2',48,16.00),
     (103,20,'2021-03-12 19:38:50',1012,'P-2',47,16.00),
     (104,20,'2021-04-13 19:38:51',1013,'P-2',46,16.00),
     (202,40,'2021-01-10 18:36:46',2020,'P-4',25,20.00),
     (203,40,'2021-02-11 18:36:47',2021,'P-4',24,20.00),
     (204,40,'2021-03-12 18:36:48',2022,'P-4',23,20.00),
     (205,40,'2021-04-13 18:36:49',2023,'P-4',22,20.00),
     (303,60,'2021-01-10 17:34:44',3030,'P-6',26,24.00),
     (304,60,'2021-02-11 17:34:45',3031,'P-6',25,24.00),
     (305,60,'2021-03-12 17:34:46',3032,'P-6',24,24.00),
     (306,60,'2021-04-13 17:34:47',3033,'P-6',23,24.00),
     (404,80,'2021-01-10 16:32:42',4040,'P-8',27,28.00),
     (405,80,'2021-02-11 16:32:43',4041,'P-8',26,28.00),
     (406,80,'2021-03-12 16:32:44',4042,'P-8',25,28.00),
     (407,80,'2021-04-13 16:32:45',4043,'P-8',24,28.00),
     (505,100,'2021-01-10 15:30:40',5050,'P-10',28,12.00),
     (506,100,'2021-02-11 15:30:41',5051,'P-10',27,12.00),
     (507,100,'2021-03-12 15:30:42',5052,'P-10',26,12.00),
     (508,100,'2021-04-13 15:30:43',5053,'P-10',25,12.00),
     (606,120,'2021-01-10 14:28:38',6060,'P-12',29,14.00),
     (607,120,'2021-02-11 14:28:39',6061,'P-12',28,14.00),
     (608,120,'2021-03-12 14:28:40',6062,'P-12',27,14.00),
     (609,120,'2021-04-13 14:28:41',6063,'P-12',26,14.00),
     (707,140,'2021-01-10 13:26:36',7070,'P-14',30,16.00),
     (708,140,'2021-02-11 13:26:37',7071,'P-14',29,16.00),
     (709,140,'2021-03-12 13:26:38',7072,'P-14',28,16.00),
     (710,140,'2021-04-13 13:26:39',7073,'P-14',27,16.00),
     (808,160,'2021-01-10 12:24:34',8080,'P-16',31,18.00),
     (809,160,'2021-02-11 12:24:35',8081,'P-16',30,18.00),
     (810,160,'2021-03-12 12:24:36',8082,'P-16',29,18.00),
     (811,160,'2021-04-13 12:24:37',8083,'P-16',28,18.00),
     (909,180,'2021-01-10 11:22:32',9090,'P-18',32,20.00),
     (910,180,'2021-02-11 11:22:33',9091,'P-18',31,20.00),
     (911,180,'2021-03-12 11:22:34',9092,'P-18',30,20.00),
     (912,180,'2021-04-13 11:22:35',9093,'P-18',29,20.00);




     
INSERT INTO business_payments VALUE(101,1000,'2021-01-22 19:38:48',784,'A-2000','A-1120'),
     (102,1001,'2021-02-22 19:38:49',768,'A-2000','A-1120'),
     (103,1002,'2021-03-22 19:38:50',752,'A-2000','A-1120'),
     (104,1003,'2021-04-22 19:38:51',736,'A-2000','A-1120'),
     (202,2000,'2021-01-21 18:36:46',500,'A-2000','A-1140'),
     (203,2001,'2021-02-21 18:36:47',480,'A-2000','A-1140'),
     (204,2002,'2021-03-21 18:36:48',460,'A-2000','A-1140'),
     (205,2003,'2021-04-21 18:36:49',440,'A-2000','A-1140'),
     (303,3000,'2021-01-20 17:34:44',624,'A-2000','A-1160'),
     (304,3001,'2021-02-20 17:34:45',600,'A-2000','A-1160'),
     (305,3002,'2021-03-20 17:34:46',576,'A-2000','A-1160'),
     (306,3003,'2021-04-20 17:34:47',552,'A-2000','A-1160'),
     (404,4000,'2021-01-19 16:32:42',756,'A-2000','A-1180'),
     (405,4001,'2021-02-19 16:32:43',728,'A-2000','A-1180'),
     (406,4002,'2021-03-19 16:32:44',700,'A-2000','A-1180'),
     (407,4003,'2021-04-19 16:32:45',672,'A-2000','A-1180'),
     (505,5000,'2021-01-18 15:30:40',336,'A-2000','A-1200'),
     (506,5001,'2021-02-18 15:30:41',324,'A-2000','A-1200'),
     (507,5002,'2021-03-18 15:30:42',312,'A-2000','A-1200'),
     (508,5003,'2021-04-18 15:30:43',300,'A-2000','A-1200'),
     (606,6000,'2021-01-17 14:28:38',406,'A-2000','A-1220'),
     (607,6001,'2021-02-17 14:28:39',392,'A-2000','A-1220'),
     (608,6002,'2021-03-17 14:28:40',378,'A-2000','A-1220'),
     (609,6003,'2021-04-17 14:28:41',364,'A-2000','A-1220'),
     (707,7000,'2021-01-16 13:26:36',480,'A-2000','A-1240'),
     (708,7001,'2021-02-16 13:26:37',464,'A-2000','A-1240'),
     (709,7002,'2021-03-16 13:26:38',448,'A-2000','A-1240'),
     (710,7003,'2021-04-16 13:26:39',432,'A-2000','A-1240'),
     (808,8000,'2021-01-15 12:24:34',558,'A-2000','A-1260'),
     (809,8001,'2021-02-15 12:24:35',540,'A-2000','A-1260'),
     (810,8002,'2021-03-15 12:24:36',522,'A-2000','A-1260'),
     (811,8003,'2021-04-15 12:24:37',504,'A-2000','A-1260'),
     (909,9000,'2021-01-14 11:22:32',640,'A-2000','A-1280'),
     (910,9001,'2021-02-14 11:22:33',620,'A-2000','A-1280'),
     (911,9002,'2021-03-14 11:22:34',600,'A-2000','A-1280'),
     (912,9003,'2021-04-14 11:22:35',580,'A-2000','A-1280');

     
INSERT INTO shipment VALUE(1010,'2021-01-12','2021-01-18','2021-01-19'),
     (1011,'2021-02-13','2021-02-19','2021-02-20'),
     (1012,'2021-03-14','2021-03-20','2021-03-21'),
     (1013,'2021-04-15','2021-04-21','2021-04-22'),
     (2020,'2021-01-12','2021-01-18','2021-01-20'),
     (2021,'2021-02-13','2021-02-19','2021-02-21'),
     (2022,'2021-03-14','2021-03-20','2021-03-22'),
     (2023,'2021-04-15','2021-04-21','2021-04-23'),
     (3030,'2021-01-12','2021-01-18','2021-01-21'),
     (3031,'2021-02-13','2021-02-19','2021-02-22'),
     (3032,'2021-03-14','2021-03-20','2021-03-23'),
     (3033,'2021-04-15','2021-04-21','2021-04-24'),
     (4040,'2021-01-12','2021-01-18','2021-01-22'),
     (4041,'2021-02-13','2021-02-19','2021-02-23'),
     (4042,'2021-03-14','2021-03-20','2021-03-24'),
     (4043,'2021-04-15','2021-04-21','2021-04-25'),
     (5050,'2021-01-12','2021-01-18','2021-01-17'),
     (5051,'2021-02-13','2021-02-19','2021-02-18'),
     (5052,'2021-03-14','2021-03-20','2021-03-19'),
     (5053,'2021-04-15','2021-04-21','2021-04-20'),
     (6060,'2021-01-12','2021-01-18','2021-01-17'),
     (6061,'2021-02-13','2021-02-19','2021-02-18'),
     (6062,'2021-03-14','2021-03-20','2021-03-19'),
     (6063,'2021-04-15','2021-04-21','2021-04-20'),
     (7070,'2021-01-12','2021-01-18','2021-01-17'),
     (7071,'2021-02-13','2021-02-19','2021-02-18'),
     (7072,'2021-03-14','2021-03-20','2021-03-19'),
     (7073,'2021-04-15','2021-04-21','2021-04-20'),
     (8080,'2021-01-12','2021-01-18','2021-01-17'),
     (8081,'2021-02-13','2021-02-19','2021-02-18'),
     (8082,'2021-03-14','2021-03-20','2021-03-19'),
     (8083,'2021-04-15','2021-04-21','2021-04-20'),
     (9090,'2021-01-12','2021-01-18','2021-01-17'),
     (9091,'2021-02-13','2021-02-19','2021-02-18'),
     (9092,'2021-03-14','2021-03-20','2021-03-19'),
     (9093,'2021-04-15','2021-04-21','2021-04-20');
     
INSERT INTO customer_purchase VALUE(2,100,'P-2',21,6,126.00,'cash','A-2000','2021-01-29 19:38:00'),
     (3,100,'P-4',25,5,125.00,'cash','A-2000','2021-02-27 19:36:00'),
     (4,100,'P-6',29,4,116.00,'cash','A-2000','2021-03-25 19:34:00'),
     (5,100,'P-8',33,3,99.00,'cash','A-2000','2021-04-23 19:32:00'),
     (6,100,'P-18',28,5,140.00,'cash','A-2000','2021-01-25 19:38:00'),
     (7,200,'P-18',28,4,112.00,'cash','A-2000','2021-02-25 19:36:00'),
     (8,300,'P-2',21,4,84.00,'cash','A-2000','2021-01-26 18:38:00'),
     (9,600,'P-2',21,4,84.00,'cash','A-2000','2021-02-26 17:36:00'),
     (10,100,'P-2',21,6,126.00,'cash','A-2000','2021-01-29 19:36:00'),
     (10,100,'P-4',25,5,125.00,'cash','A-2000','2021-01-29 19:36:00'),
     (10,100,'P-6',29,4,116.00,'cash','A-2000','2021-01-29 19:36:00'),
     (10,100,'P-8',33,3,99.00,'cash','A-2000','2021-01-29 19:36:00'),
     (11,200,'P-2',21,6,126.00,'cash','A-2000','2021-01-29 18:38:00'),
     (12,200,'P-4',25,5,125.00,'cash','A-2000','2021-02-27 18:36:00'),
     (13,200,'P-6',29,4,116.00,'cash','A-2000','2021-03-25 18:34:00'),
     (14,200,'P-8',33,3,99.00,'cash','A-2000','2021-04-23 18:32:00'),
     (15,200,'P-18',28,5,140.00,'cash','A-2000','2021-01-25 18:38:00'),
     (16,400,'P-18',28,4,112.00,'cash','A-2000','2021-02-25 18:36:00'),
     (17,300,'P-2',21,4,84.00,'cash','A-2000','2021-01-26 17:38:00'),
     (18,600,'P-2',21,4,84.00,'cash','A-2000','2021-02-26 16:36:00'),
     (19,200,'P-2',21,6,126.00,'cash','A-2000','2021-01-29 18:36:00'),
     (19,200,'P-4',25,5,125.00,'cash','A-2000','2021-01-29 18:36:00'),
     (19,200,'P-6',29,4,116.00,'cash','A-2000','2021-01-29 18:36:00'),
     (19,200,'P-8',33,3,99.00,'cash','A-2000','2021-01-29 18:36:00'),
     (20,300,'P-2',21,6,126.00,'cash','A-2000','2021-01-29 17:38:00'),
     (21,300,'P-4',25,5,125.00,'cash','A-2000','2021-02-27 17:36:00'),
     (22,300,'P-6',29,4,116.00,'cash','A-2000','2021-03-25 17:34:00'),
     (23,300,'P-8',33,3,99.00,'cash','A-2000','2021-04-23 17:32:00'),
     (24,300,'P-18',28,5,140.00,'cash','A-2000','2021-01-25 17:38:00'),
     (25,600,'P-18',28,4,112.00,'cash','A-2000','2021-02-25 17:36:00'),
     (26,300,'P-2',21,4,84.00,'cash','A-2000','2021-01-26 16:38:00'),
     (27,600,'P-2',21,4,84.00,'cash','A-2000','2021-02-26 15:36:00'),
     (28,300,'P-2',21,6,126.00,'cash','A-2000','2021-02-28 17:36:00'),
     (28,300,'P-4',25,5,125.00,'cash','A-2000','2021-02-28 17:36:00'),
     (28,300,'P-6',29,4,116.00,'cash','A-2000','2021-02-28 17:36:00'),
     (28,300,'P-8',33,3,99.00,'cash','A-2000','2021-02-28 17:36:00'),
     (29,400,'P-2',21,6,126.00,'cash','A-2000','2021-01-29 16:38:00'),
     (30,400,'P-4',25,5,125.00,'cash','A-2000','2021-02-27 16:36:00'),
     (31,400,'P-6',29,4,116.00,'cash','A-2000','2021-03-25 16:34:00'),
     (32,400,'P-8',33,3,99.00,'cash','A-2000','2021-04-23 16:32:00'),
     (33,400,'P-18',28,5,140.00,'cash','A-2000','2021-01-25 16:38:00'),
     (34,800,'P-18',28,4,112.00,'cash','A-2000','2021-02-25 16:36:00'),
     (35,300,'P-2',21,4,84.00,'cash','A-2000','2021-01-26 15:38:00'),
     (36,600,'P-2',21,4,84.00,'cash','A-2000','2021-02-26 14:36:00'),
     (37,400,'P-2',21,6,126.00,'cash','A-2000','2021-02-28 16:36:00'),
     (37,400,'P-4',25,5,125.00,'cash','A-2000','2021-02-28 16:36:00'),
     (37,400,'P-6',29,4,116.00,'cash','A-2000','2021-02-28 16:36:00'),
     (37,400,'P-8',33,3,99.00,'cash','A-2000','2021-02-28 16:36:00'),
     (38,500,'P-2',21,4,84.00,'debit','A-2000','2021-01-29 15:38:00'),
     (39,500,'P-4',25,5,125.00,'debit','A-2000','2021-02-27 15:36:00'),
     (40,500,'P-6',29,6,174.00,'debit','A-2000','2021-03-25 15:34:00'),
     (41,500,'P-8',33,7,231.00,'debit','A-2000','2021-04-23 15:32:00'),
     (42,500,'P-18',28,5,140.00,'debit','A-2000','2021-01-25 15:38:00'),
     (43,1000,'P-18',28,6,168.00,'debit','A-2000','2021-02-25 15:36:00'),
     (44,300,'P-2',21,3,63.00,'debit','A-2000','2021-01-26 14:38:00'),
     (45,600,'P-2',21,4,84.00,'debit','A-2000','2021-02-26 13:36:00'),
     (46,500,'P-2',21,4,84.00,'debit','A-2000','2021-02-28 15:36:00'),
     (46,500,'P-4',25,5,125.00,'debit','A-2000','2021-02-28 15:36:00'),
     (46,500,'P-6',29,6,174.00,'debit','A-2000','2021-02-28 15:36:00'),
     (46,500,'P-8',33,7,231.00,'debit','A-2000','2021-02-28 15:36:00'),
     (47,600,'P-2',21,4,84.00,'debit','A-2000','2021-01-29 14:38:00'),
     (48,600,'P-4',25,5,125.00,'debit','A-2000','2021-02-27 14:36:00'),
     (49,600,'P-6',29,6,174.00,'debit','A-2000','2021-03-25 14:34:00'),
     (50,600,'P-8',33,7,231.00,'debit','A-2000','2021-04-23 14:32:00'),
     (51,600,'P-18',28,5,140.00,'debit','A-2000','2021-01-25 14:38:00'),
     (52,1200,'P-18',28,6,168.00,'debit','A-2000','2021-02-25 14:36:00'),
     (53,300,'P-2',21,3,63.00,'debit','A-2000','2021-01-26 13:38:00'),
     (54,600,'P-2',21,4,84.00,'debit','A-2000','2021-02-26 12:36:00'),
     (55,600,'P-2',21,4,84.00,'debit','A-2000','2021-03-27 14:36:00'),
     (55,600,'P-4',25,5,125.00,'debit','A-2000','2021-03-27 14:36:00'),
     (55,600,'P-6',29,6,174.00,'debit','A-2000','2021-03-27 14:36:00'),
     (55,600,'P-8',33,7,231.00,'debit','A-2000','2021-03-27 14:36:00'),
     (56,700,'P-2',21,4,84.00,'debit','A-2000','2021-01-29 13:38:00'),
     (57,700,'P-4',25,5,125.00,'debit','A-2000','2021-02-27 13:36:00'),
     (58,700,'P-6',29,6,174.00,'debit','A-2000','2021-03-25 13:34:00'),
     (59,700,'P-8',33,7,231.00,'debit','A-2000','2021-04-23 13:32:00'),
     (60,700,'P-18',28,5,140.00,'debit','A-2000','2021-01-25 13:38:00'),
     (61,1400,'P-18',28,6,168.00,'debit','A-2000','2021-02-25 13:36:00'),
     (62,300,'P-2',21,3,63.00,'debit','A-2000','2021-01-26 12:38:00'),
     (63,600,'P-2',21,4,84.00,'debit','A-2000','2021-02-26 11:36:00'),
     (64,700,'P-2',21,4,84.00,'debit','A-2000','2021-03-27 13:36:00'),
     (64,700,'P-4',25,5,125.00,'debit','A-2000','2021-03-27 13:36:00'),
     (64,700,'P-6',29,6,174.00,'debit','A-2000','2021-03-27 13:36:00'),
     (64,700,'P-8',33,7,231.00,'debit','A-2000','2021-03-27 13:36:00'),
     (65,800,'P-2',21,4,84.00,'debit','A-2000','2021-01-29 12:38:00'),
     (66,800,'P-4',25,5,125.00,'debit','A-2000','2021-02-27 12:36:00'),
     (67,800,'P-6',29,6,174.00,'debit','A-2000','2021-03-25 12:34:00'),
     (68,800,'P-8',33,7,231.00,'debit','A-2000','2021-04-23 12:32:00'),
     (69,800,'P-18',28,5,140.00,'debit','A-2000','2021-01-25 12:38:00'),
     (70,1600,'P-18',28,6,168.00,'debit','A-2000','2021-02-25 12:36:00'),
     (71,300,'P-2',21,3,63.00,'debit','A-2000','2021-01-26 11:38:00'),
     (72,600,'P-2',21,4,84.00,'debit','A-2000','2021-02-26 10:36:00'),
     (73,800,'P-2',21,4,84.00,'debit','A-2000','2021-03-27 12:36:00'),
     (73,800,'P-4',25,5,125.00,'debit','A-2000','2021-03-27 12:36:00'),
     (73,800,'P-6',29,6,174.00,'debit','A-2000','2021-03-27 12:36:00'),
     (73,800,'P-8',33,7,231.00,'debit','A-2000','2021-03-27 12:36:00'),
     (74,900,'P-2',21,4,84.00,'debit','A-2000','2021-01-29 11:38:00'),
     (75,900,'P-4',25,5,125.00,'debit','A-2000','2021-02-27 11:36:00'),
     (76,900,'P-6',29,6,174.00,'debit','A-2000','2021-03-25 11:34:00'),
     (77,900,'P-8',33,7,231.00,'debit','A-2000','2021-04-23 11:32:00'),
     (78,900,'P-18',28,5,140.00,'debit','A-2000','2021-01-25 11:38:00'),
     (79,1800,'P-18',28,6,168.00,'debit','A-2000','2021-02-25 11:36:00'),
     (80,300,'P-2',21,3,63.00,'debit','A-2000','2021-01-26 10:38:00'),
     (81,600,'P-2',21,4,84.00,'debit','A-2000','2021-02-26 9:36:00'),
     (82,900,'P-2',21,4,84.00,'debit','A-2000','2021-04-26 11:36:00'),
     (82,900,'P-4',25,5,125.00,'debit','A-2000','2021-04-26 11:36:00'),
     (82,900,'P-6',29,6,174.00,'debit','A-2000','2021-04-26 11:36:00'),
     (82,900,'P-8',33,7,231.00,'debit','A-2000','2021-04-26 11:36:00'),
     (83,1000,'P-10',20,6,120.00,'cash','A-2000','2021-01-20 16:38:00'),
     (84,1000,'P-12',22,5,110.00,'cash','A-2000','2021-02-18 15:36:00'),
     (85,1000,'P-14',24,4,96.00,'cash','A-2000','2021-03-16 14:34:00'),
     (86,1000,'P-16',26,3,78.00,'cash','A-2000','2021-04-14 13:32:00'),
     (87,1000,'P-10',20,6,120.00,'cash','A-2000','2021-02-19 13:32:00'),
     (87,1000,'P-12',22,5,110.00,'cash','A-2000','2021-02-19 13:32:00'),
     (87,1000,'P-14',24,4,96.00,'cash','A-2000','2021-02-19 13:32:00'),
     (87,1000,'P-16',26,3,78.00,'cash','A-2000','2021-02-19 13:32:00'),
     (88,1100,'P-10',20,6,120.00,'cash','A-2000','2021-01-20 16:38:00'),
     (89,1100,'P-12',22,5,110.00,'cash','A-2000','2021-02-18 15:36:00'),
     (90,1100,'P-14',24,4,96.00,'cash','A-2000','2021-03-16 14:34:00'),
     (91,1100,'P-16',26,3,78.00,'cash','A-2000','2021-04-14 13:32:00'),
     (92,1100,'P-10',20,6,120.00,'cash','A-2000','2021-02-19 13:32:00'),
     (92,1100,'P-12',22,5,110.00,'cash','A-2000','2021-02-19 13:32:00'),
     (92,1100,'P-14',24,4,96.00,'cash','A-2000','2021-02-19 13:32:00'),
     (92,1100,'P-16',26,3,78.00,'cash','A-2000','2021-02-19 13:32:00'),
     (93,1200,'P-10',20,6,120.00,'cash','A-2000','2021-01-20 16:38:00'),
     (94,1200,'P-12',22,5,110.00,'cash','A-2000','2021-02-18 15:36:00'),
     (95,1200,'P-14',24,4,96.00,'cash','A-2000','2021-03-16 14:34:00'),
     (96,1200,'P-16',26,3,78.00,'cash','A-2000','2021-04-14 13:32:00'),
     (97,1200,'P-10',20,6,120.00,'cash','A-2000','2021-03-18 13:32:00'),
     (97,1200,'P-12',22,5,110.00,'cash','A-2000','2021-03-18 13:32:00'),
     (97,1200,'P-14',24,4,96.00,'cash','A-2000','2021-03-18 13:32:00'),
     (97,1200,'P-16',26,3,78.00,'cash','A-2000','2021-03-18 13:32:00'),
     (98,1300,'P-10',20,6,120.00,'cash','A-2000','2021-01-20 16:38:00'),
     (99,1300,'P-12',22,5,110.00,'cash','A-2000','2021-02-18 15:36:00'),
     (100,1300,'P-14',24,4,96.00,'cash','A-2000','2021-03-16 14:34:00'),
     (101,1300,'P-16',26,3,78.00,'cash','A-2000','2021-04-14 13:32:00'),
     (102,1300,'P-10',20,6,120.00,'cash','A-2000','2021-03-18 13:32:00'),
     (102,1300,'P-12',22,5,110.00,'cash','A-2000','2021-03-18 13:32:00'),
     (102,1300,'P-14',24,4,96.00,'cash','A-2000','2021-03-18 13:32:00'),
     (102,1300,'P-16',26,3,78.00,'cash','A-2000','2021-03-18 13:32:00'),
     (103,1400,'P-10',20,6,120.00,'cash','A-2000','2021-01-20 16:38:00'),
     (104,1400,'P-12',22,5,110.00,'cash','A-2000','2021-02-18 15:36:00'),
     (105,1400,'P-14',24,4,96.00,'cash','A-2000','2021-03-16 14:34:00'),
     (106,1400,'P-16',26,3,78.00,'cash','A-2000','2021-04-14 13:32:00'),
     (107,1400,'P-10',20,6,120.00,'cash','A-2000','2021-03-18 13:32:00'),
     (107,1400,'P-12',22,5,110.00,'cash','A-2000','2021-03-18 13:32:00'),
     (107,1400,'P-14',24,4,96.00,'cash','A-2000','2021-03-18 13:32:00'),
     (107,1400,'P-16',26,3,78.00,'cash','A-2000','2021-03-18 13:32:00'),
     (108,1500,'P-10',20,4,80.00,'credit','A-2000','2021-01-20 16:38:00'),
     (109,1500,'P-12',22,5,110.00,'credit','A-2000','2021-02-18 15:36:00'),
     (110,1500,'P-14',24,6,144.00,'credit','A-2000','2021-03-16 14:34:00'),
     (111,1500,'P-16',26,7,182.00,'credit','A-2000','2021-04-14 13:32:00'),
     (112,1500,'P-10',20,6,120.00,'debit','A-2000','2021-03-18 13:32:00'),
     (112,1500,'P-12',22,5,110.00,'debit','A-2000','2021-03-18 13:32:00'),
     (112,1500,'P-14',24,4,96.00,'debit','A-2000','2021-03-18 13:32:00'),
     (112,1500,'P-16',26,3,78.00,'debit','A-2000','2021-03-18 13:32:00'),
     (113,1600,'P-10',20,4,80.00,'credit','A-2000','2021-01-20 16:38:00'),
     (114,1600,'P-12',22,5,110.00,'credit','A-2000','2021-02-18 15:36:00'),
     (115,1600,'P-14',24,6,144.00,'credit','A-2000','2021-03-16 14:34:00'),
     (116,1600,'P-16',26,7,182.00,'credit','A-2000','2021-04-14 13:32:00'),
     (117,1600,'P-10',20,6,120.00,'debit','A-2000','2021-03-18 13:32:00'),
     (117,1600,'P-12',22,5,110.00,'debit','A-2000','2021-03-18 13:32:00'),
     (117,1600,'P-14',24,4,96.00,'debit','A-2000','2021-03-18 13:32:00'),
     (117,1600,'P-16',26,3,78.00,'debit','A-2000','2021-03-18 13:32:00'),
     (118,1700,'P-10',20,4,80.00,'credit','A-2000','2021-01-20 16:38:00'),
     (119,1700,'P-12',22,5,110.00,'credit','A-2000','2021-02-18 15:36:00'),
     (120,1700,'P-14',24,6,144.00,'credit','A-2000','2021-03-16 14:34:00'),
     (121,1700,'P-16',26,7,182.00,'credit','A-2000','2021-04-14 13:32:00'),
     (122,1700,'P-10',20,6,120.00,'debit','A-2000','2021-03-18 13:32:00'),
     (122,1700,'P-12',22,5,110.00,'debit','A-2000','2021-03-18 13:32:00'),
     (122,1700,'P-14',24,4,96.00,'debit','A-2000','2021-03-18 13:32:00'),
     (122,1700,'P-16',26,3,78.00,'debit','A-2000','2021-03-18 13:32:00'),
     (123,1800,'P-10',20,4,80.00,'credit','A-2000','2021-01-20 16:38:00'),
     (124,1800,'P-12',22,5,110.00,'credit','A-2000','2021-02-18 15:36:00'),
     (125,1800,'P-14',24,6,144.00,'credit','A-2000','2021-03-16 14:34:00'),
     (126,1800,'P-16',26,7,182.00,'credit','A-2000','2021-04-14 13:32:00'),
     (127,1800,'P-10',20,3,60.00,'debit','A-2000','2021-04-17 13:32:00'),
     (127,1800,'P-12',22,4,88.00,'debit','A-2000','2021-04-17 13:32:00'),
     (127,1800,'P-14',24,5,120.00,'debit','A-2000','2021-04-17 13:32:00'),
     (127,1800,'P-16',26,6,156.00,'debit','A-2000','2021-04-17 13:32:00'),
     (128,1900,'P-10',20,4,80.00,'credit','A-2000','2021-01-20 16:38:00'),
     (129,1900,'P-12',22,5,110.00,'credit','A-2000','2021-02-18 15:36:00'),
     (130,1900,'P-14',24,6,144.00,'credit','A-2000','2021-03-16 14:34:00'),
     (131,1900,'P-16',26,7,182.00,'credit','A-2000','2021-04-14 13:32:00'),
     (132,1900,'P-10',20,3,60.00,'debit','A-2000','2021-04-17 13:32:00'),
     (132,1900,'P-12',22,4,88.00,'debit','A-2000','2021-04-17 13:32:00'),
     (132,1900,'P-14',24,5,120.00,'debit','A-2000','2021-04-17 13:32:00'),
     (132,1900,'P-16',26,6,156.00,'debit','A-2000','2021-04-17 13:32:00');
     